article,group,study_arm,TP,FP,TN,FN,N
Dragota 2026,SII (cáncer de tiroides vs. patología benigna),Deng 2022,78,45,329,62,514
Dragota 2026,SII (cáncer de tiroides vs. patología benigna),Refaat 2025,34,53,40,23,150
Dragota 2026,SII (cáncer de tiroides vs. patología benigna),Sorrenti 2025,126,17,23,31,197
Dragota 2026,SII (cáncer de tiroides vs. patología benigna),Şenoymak 2024,505,12,22,68,607
Dragota 2026,SII (cáncer de tiroides vs. patología benigna),Vural 2023,54,47,121,19,241
Dragota 2026,SII (cáncer de tiroides vs. patología benigna),Tang 2023,303,23,134,40,500
Manetas-Stavrakakis 2023,PPG,Bacevicius 2022,114,7,216,7,344
Manetas-Stavrakakis 2023,PPG,Chang 2022,109,10,78,3,200
Manetas-Stavrakakis 2023,PPG,Chen 2020 (A),132,2,242,7,383
Manetas-Stavrakakis 2023,PPG,Van Haelst 2018 (A),73,10,83,2,168
Manetas-Stavrakakis 2023,PPG,Mol 2020,139,2,101,3,245
Manetas-Stavrakakis 2023,PPG,Sun 2022,98,6,342,7,453
Manetas-Stavrakakis 2023,PPG,Tison 2018,50,5,46,1,102
Manetas-Stavrakakis 2023,PPG,Väliaho 2019 (A),102,2,105,4,213
Manetas-Stavrakakis 2023,PPG,Väliaho 2019 (B),101,2,105,5,213
Manetas-Stavrakakis 2023,PPG,Väliaho 2021 (A),75,18,79,1,173
Manetas-Stavrakakis 2023,PPG,Väliaho 2021 (B),75,10,87,1,173
Manetas-Stavrakakis 2023,PPG,Väliaho 2021 (C),72,3,94,4,173
Manetas-Stavrakakis 2023,PPG,Väliaho 2021 (D),70,1,96,6,173
Manetas-Stavrakakis 2023,PPG,Chan 2016 (A),26,22,963,2,1013
Manetas-Stavrakakis 2023,PPG,Dörr 2019 (A),222,5,266,15,508
Manetas-Stavrakakis 2023,PPG,Dörr 2019 (B),191,8,235,13,447
Manetas-Stavrakakis 2023,PPG,Dörr 2019 (C),156,4,198,11,369
Manetas-Stavrakakis 2023,PPG,Lubitz 2022,230,11,706,110,1057
Manetas-Stavrakakis 2023,ECG de una derivación,Badertscher 2022,19,3,247,6,275
Manetas-Stavrakakis 2023,ECG de una derivación,Bumgarner 2018,63,7,37,5,112
Manetas-Stavrakakis 2023,ECG de una derivación,Campo 2022,77,11,144,10,242
Manetas-Stavrakakis 2023,ECG de una derivación,Chen 2020 (B),131,0,249,6,386
Manetas-Stavrakakis 2023,ECG de una derivación,Cunha 2020,20,2,76,2,100
Manetas-Stavrakakis 2023,ECG de una derivación,Desteghe 2017 (A),12,6,237,10,265
Manetas-Stavrakakis 2023,ECG de una derivación,Desteghe 2017 (B),18,14,229,4,265
Manetas-Stavrakakis 2023,ECG de una derivación,Desteghe 2017 (C),15,2,92,4,113
Manetas-Stavrakakis 2023,ECG de una derivación,Desteghe 2017 (D),17,4,90,2,113
Manetas-Stavrakakis 2023,ECG de una derivación,Ford 2022 (A),6,0,76,6,88
Manetas-Stavrakakis 2023,ECG de una derivación,Ford 2022 (B),26,5,68,1,100
Manetas-Stavrakakis 2023,ECG de una derivación,Fu 2021 (A),47,0,61,4,112
Manetas-Stavrakakis 2023,ECG de una derivación,Fu 2021 (B),50,0,61,2,113
Manetas-Stavrakakis 2023,ECG de una derivación,Fu 2021 (C),50,0,61,2,113
Manetas-Stavrakakis 2023,ECG de una derivación,Van Haelst 2018 (B),73,10,83,2,168
Manetas-Stavrakakis 2023,ECG de una derivación,Himmelreich 2019,20,4,187,0,211
Manetas-Stavrakakis 2023,ECG de una derivación,Lown 2018 (A),72,2,332,2,408
Manetas-Stavrakakis 2023,ECG de una derivación,Rajakariar 2020,36,13,124,2,175
Manetas-Stavrakakis 2023,ECG de una derivación,Santala 2021 (1),73,4,82,0,159
Manetas-Stavrakakis 2023,ECG de una derivación,Santala 2021 (2)(A),54,0,78,3,135
Manetas-Stavrakakis 2023,ECG de una derivación,Santala 2021 (2)(B),58,0,75,1,134
Manetas-Stavrakakis 2023,ECG de una derivación,Santala 2022,79,5,94,0,178
Manetas-Stavrakakis 2023,ECG de una derivación,Abu-Alrub 2022 (A),87,1,86,7,181
Manetas-Stavrakakis 2023,ECG de una derivación,Abu-Alrub 2022 (B),88,6,81,5,180
Manetas-Stavrakakis 2023,ECG de una derivación,Abu-Alrub 2022 (C),78,3,80,2,163
Manetas-Stavrakakis 2023,ECG de una derivación,Wegner 2020 (A),19,8,45,0,72
Manetas-Stavrakakis 2023,ECG de una derivación,Wegner 2020 (B),15,3,39,0,57
Manetas-Stavrakakis 2023,ECG de una derivación,William 2018,57,6,96,2,161
Manetas-Stavrakakis 2023,ECG de una derivación,Chan 2016 (B),20,6,979,8,1013
Manetas-Stavrakakis 2023,ECG de una derivación,Dörr 2019 (D),279,7,262,1,549
Manetas-Stavrakakis 2023,ECG de una derivación,Orchard 2016,36,8,844,2,890
Manetas-Stavrakakis 2023,ECG de una derivación,Leńska-Mieciek 2022,1,7,42,0,50
Pinto-Villalba 2026,TCCS – isquémico,Camerlingo 1993,20,2,18,5,45
Pinto-Villalba 2026,TCCS – hemorrágico,Seidel 1995 (hemorrágico),7,1,22,1,31
Pinto-Villalba 2026,TCCS – isquémico,Seidel 1995 (isquémico),25,2,10,11,48
Pinto-Villalba 2026,TCCS – hemorrágico,Mäurer 1998,50,4,76,3,133
Pinto-Villalba 2026,TCCS – isquémico,Postert 1998,11,0,9,0,20
Pinto-Villalba 2026,TCD – isquémico,Alexandrov 1999,35,5,39,5,84
Pinto-Villalba 2026,TCCS – isquémico,Postert 1999,44,3,4,23,74
Pinto-Villalba 2026,TCD – isquémico,Razumovsky 1999,25,4,2,1,32
Pinto-Villalba 2026,TCCS – isquémico,Madkour 2009,13,8,3,5,29
Pinto-Villalba 2026,TCCS – isquémico,Bar 2010,22,2,7,0,31
Pinto-Villalba 2026,TCCS – isquémico,Schlachetzki 2012,9,1,75,1,86
Pinto-Villalba 2026,TCCS – isquémico,Herzberg 2014,11,1,71,3,86
Pinto-Villalba 2026,TCCS – hemorrágico,Antipova 2020,10,1,75,6,92
Pinto-Villalba 2026,POCUS modo B – hemorrágico,Sarwal 2022,7,2,2,0,11
