"dataset","implementation","theta_Se","theta_Sp","tau2_Se","tau2_FPR","rho","Evar_Se","Evar_Sp","det_between","det_expected_within","I2","I2_percent"
"dragota_primary","mada native / exact reconstruction",1.19534925300008,0.904158796453163,0.102234910879013,0.130993350160168,-0.0582487788014241,0.0401118356231203,0.0514960324335685,0.013346655174455,0.00206560038821817,0.717667808460611,71.7667808460611
"dragota_primary","Psi only; mada denominators retained",1.19534925300008,0.904158796453163,0.571132552140542,0.72434447618016,-0.0582487788014241,0.0470531592223681,0.0622647024204822,0.412293069374809,0.00292975095692432,0.922256504725639,92.2256504725639
"dragota_primary","mada SE^2; corrected denominators only",1.19534925300008,0.904158796453163,0.102234910879013,0.130993350160168,-0.0582487788014241,0.0477394262520526,0.067726220523288,0.013346655174455,0.00323321091000176,0.670156957144875,67.0156957144875
"dragota_primary","full Zhou-Dendukuri reconstruction",1.19534925300008,0.904158796453163,0.571132552140542,0.72434447618016,-0.0582487788014241,0.056000698789451,0.0818888906128154,0.412293069374809,0.00458583509741058,0.904597136857896,90.4597136857896
"manetas_ppg","mada native / exact reconstruction",2.96620989855185,3.24395046272036,0.054822305998121,0.0499099401035939,0.791380603969311,0.22131879990539,0.225230915528412,0.00102255552454661,0.0498478359263404,0.125281919515605,12.5281919515605
"manetas_ppg","Psi only; mada denominators retained",2.96620989855185,3.24395046272036,0.735860384590739,0.679582336014487,0.791380603969311,0.302944556444064,0.302688914107341,0.186887414774453,0.091697958824784,0.58807256086578,58.807256086578
"manetas_ppg","mada SE^2; corrected denominators only",2.96620989855185,3.24395046272036,0.054822305998121,0.0499099401035939,0.791380603969311,0.243535341664087,0.217113630457938,0.00102255552454661,0.0528748421735041,0.122087238309346,12.2087238309346
"manetas_ppg","full Zhou-Dendukuri reconstruction",2.96620989855185,3.24395046272036,0.735860384590739,0.679582336014487,0.791380603969311,0.333354898410886,0.291780055535607,0.186887414774453,0.0972663107713949,0.580914065184109,58.0914065184109
"manetas_ecg","mada native / exact reconstruction",2.48953329732194,3.23343481067128,0.044535440629431,0.0368538835438348,0.276013339709987,0.47668723091943,0.30777291495222,0.00151626388733789,0.146711418580575,0.0922799529763673,9.22799529763673
"manetas_ecg","Psi only; mada denominators retained",2.48953329732194,3.23343481067128,0.942812731056311,0.809387698509607,0.276013339709987,0.709445196398361,0.442470872323831,0.704965423474004,0.313908834916335,0.599773890506496,59.9773890506496
"manetas_ecg","mada SE^2; corrected denominators only",2.48953329732194,3.23343481067128,0.044535440629431,0.0368538835438348,0.276013339709987,0.85269898367994,0.299307946798851,0.00151626388733789,0.25521958204271,0.071562128041999,7.1562128041999
"manetas_ecg","full Zhou-Dendukuri reconstruction",2.48953329732194,3.23343481067128,0.942812731056311,0.809387698509607,0.276013339709987,1.26905685469839,0.430301179472217,0.704965423474004,0.546076661394019,0.531880365029383,53.1880365029383
"pinto_global","mada native / exact reconstruction",1.45954917211078,1.77810623051096,0.0554705461278729,0.193740368286163,-0.0834836750608761,0.415219402854812,0.906948985131598,0.0106719833696177,0.37658281602612,0.144086189024505,14.4086189024505
"pinto_global","Psi only; mada denominators retained",1.45954917211078,1.77810623051096,0.355820447908658,2.11262959849804,-0.0834836750608761,0.462307924683444,2.03189611650812,0.746477701652889,0.939361676795219,0.471302221068113,47.1302221068113
"pinto_global","mada SE^2; corrected denominators only",1.45954917211078,1.77810623051096,0.0554705461278729,0.193740368286163,-0.0834836750608761,0.408755251783183,0.699591280981775,0.0106719833696177,0.285961610203025,0.16190552856016,16.190552856016
"pinto_global","full Zhou-Dendukuri reconstruction",1.45954917211078,1.77810623051096,0.355820447908658,2.11262959849804,-0.0834836750608761,0.455110697756623,1.56733932147634,0.746477701652889,0.713312892218489,0.505680453443531,50.5680453443531
"pinto_tccs_ischemic","mada native / exact reconstruction",1.08611017927436,1.75291960417485,0.042779803890182,0.388480993179659,-0.999999999316995,0.313766492458009,0.615119095101977,2.27019156136938e-11,0.193003760914092,1.08453521075188e-05,0.00108453521075188
"pinto_tccs_ischemic","Psi only; mada denominators retained",1.08611017927436,1.75291960417485,0.102655734536248,2.44295225756851,-0.999999999316995,0.319751692930297,1.47892400074827,3.42572214270353e-10,0.472888452954505,2.69144199021916e-05,0.00269144199021916
"pinto_tccs_ischemic","mada SE^2; corrected denominators only",1.08611017927436,1.75291960417485,0.042779803890182,0.388480993179659,-0.999999999316995,0.299501249644066,0.710300751516601,2.27019156136938e-11,0.212735962702341,1.03301424335714e-05,0.00103301424335714
"pinto_tccs_ischemic","full Zhou-Dendukuri reconstruction",1.08611017927436,1.75291960417485,0.102655734536248,2.44295225756851,-0.999999999316995,0.305214335852786,1.70776819892622,3.42572214270353e-10,0.521235336625775,2.56358669216395e-05,0.00256358669216395
"pinto_hemorrhagic","mada native / exact reconstruction",1.97647262546536,2.50884701746089,0.481206066083013,0.639283515192892,0.896291424636183,0.981044178858605,2.70482074293798,0.0604984640261364,2.65354864471532,0.131185466694443,13.1185466694443
"pinto_hemorrhagic","Psi only; mada denominators retained",1.97647262546536,2.50884701746089,1.3458356820016,1.99085066450279,0.896291424636183,1.41817544808594,5.04206600602265,0.526927024117601,7.15053421737008,0.213502644367142,21.3502644367142
"pinto_hemorrhagic","mada SE^2; corrected denominators only",1.97647262546536,2.50884701746089,0.481206066083013,0.639283515192892,0.896291424636183,0.991510355006952,1.51844005406983,0.0604984640261364,1.50554903706755,0.166985026411525,16.6985026411525
"pinto_hemorrhagic","full Zhou-Dendukuri reconstruction",1.97647262546536,2.50884701746089,1.3458356820016,1.99085066450279,0.896291424636183,1.4333051174411,2.83052952725164,0.526927024117601,4.05701245647791,0.26491637961839,26.491637961839
